,elevation,base_demands
4,0.0,0.0
5,0.0,0.0
8,0.0,0.0
9,0.0,0.0
10,0.0,0.0
11,0.0,0.006944444444444444
12,0.0,0.041666666666666664
