line,from_bus,to_bus,r_ohm,x_ohm,b,status
0,0,2,10,0.0281,0.00712,1
1,0,1,10,0.0281,0.00712,1
2,1,2,10,0.0281,0.00712,1
